IP,Frequency
207.46.13.17,46
46.229.168.142,66
46.229.168.131,54
54.36.148.131,3
185.180.12.65,14
195.38.23.97,19
66.249.79.252,10
188.138.40.20,14
105.103.189.78,2
46.229.168.135,47
5.140.82.74,1
66.165.233.234,14
156.172.24.24,2
5.178.78.77,13
46.229.168.130,50
23.101.169.3,1733
207.46.13.18,55
79.136.245.135,77
213.87.104.248,18
34.244.220.135,50
95.167.184.250,15
185.93.3.92,13
46.229.168.141,54
174.34.224.167,35
195.211.23.206,12
195.211.23.214,11
195.211.23.209,12
195.211.23.207,12
195.211.23.213,12
195.211.23.211,12
195.211.23.212,12
195.211.23.208,12
195.211.23.210,12
95.213.6.4,7
192.246.233.126,18
199.59.150.182,6
199.59.150.180,2
195.211.23.215,12
195.211.23.221,9
195.211.23.220,11
195.211.23.223,8
195.211.23.216,12
195.211.23.217,11
195.211.23.222,8
195.211.23.218,11
195.211.23.224,8
195.211.23.219,10
95.213.6.2,5
54.159.167.42,14
66.249.79.254,11
107.23.202.48,1
184.75.208.210,12
46.229.168.146,42
46.229.168.129,48
52.205.5.118,1
5.77.28.249,18
76.164.234.170,13
193.169.252.149,2
46.229.168.139,57
23.83.129.219,173
54.36.148.240,1
208.64.28.194,172
34.249.103.203,12
148.251.120.201,9
46.229.168.147,50
185.220.101.25,2
66.220.149.23,8
207.46.13.86,49
46.229.168.145,66
103.1.94.183,2
206.231.121.229,2
104.197.112.194,6
110.170.184.12,235
103.35.98.42,141
77.75.76.160,4
191.177.161.216,2
66.249.79.250,15
197.231.221.211,41
72.53.65.61,2
178.137.166.158,25
46.229.168.132,56
78.92.142.154,2
79.36.152.142,2
54.36.148.136,1
54.36.148.171,1
195.154.122.24,5
193.218.138.38,61
40.77.167.104,43
37.9.113.130,4
37.9.113.150,16
5.77.28.95,1
95.108.213.41,68
178.154.200.50,4
141.8.142.26,1
37.9.113.104,2
141.8.183.3,312
51.15.65.25,3
178.154.200.53,1025
69.137.34.229,16
176.62.77.130,2
46.229.168.137,44
171.25.193.20,4
184.73.73.51,6
51.15.81.222,1
36.69.216.57,2
94.25.179.14,54
63.0.0.14,128
216.244.66.243,347
95.91.211.73,11
157.55.39.27,6
31.13.127.2,14
183.171.184.101,2
195.189.109.156,48
54.36.149.104,1
46.229.168.134,50
199.58.86.211,4
66.249.88.54,1
66.249.88.56,1
102.253.0.207,2
85.248.227.163,3
46.229.168.136,36
180.191.126.91,2
35.185.108.220,4
162.247.74.204,1
180.76.15.142,1
46.229.168.148,45
54.36.148.63,2
41.158.106.216,2
66.249.79.166,2
66.249.79.170,6
34.253.67.251,34
30.0.0.0,43
87.250.29.181,20
46.229.168.144,45
66.249.79.238,4
180.76.15.146,1
104.244.76.13,4
46.39.46.8,1
78.140.62.178,2
113.199.250.205,2
181.214.120.138,1
157.49.185.82,2
92.61.68.70,501
46.229.168.140,70
66.249.93.95,11
27.6.214.113,2
178.62.70.63,4
106.207.210.183,2
66.249.81.63,30
180.76.15.28,1
173.252.127.23,9
46.229.168.138,52
54.36.149.79,1
176.59.39.208,1
8.14.15.21,1
54.173.35.129,179
217.117.190.247,2
103.38.18.129,2
188.32.138.224,2
192.42.116.16,2
95.163.255.63,30
95.163.255.68,29
66.220.149.18,4
188.170.83.5,1
5.18.204.233,18
54.36.148.187,2
81.28.172.96,24
31.13.115.1,3
54.36.148.64,2
31.13.127.10,4
54.36.149.38,2
46.229.168.149,52
86.229.146.75,2
217.66.152.153,5
79.165.242.229,2
149.202.78.80,4
31.173.86.241,21
5.44.169.90,5
167.99.56.74,3
185.227.68.78,2
59.89.187.171,2
69.171.251.29,11
37.204.23.99,18
31.13.127.11,4
66.249.93.93,19
41.223.118.66,2
66.249.79.184,3
88.237.252.222,2
176.59.199.201,91
18.7.1.595,159
220.181.125.177,35
178.140.14.171,4
62.210.157.133,1
176.59.44.196,544
94.19.137.34,3
89.71.181.57,2
213.87.149.77,53
78.85.20.226,21
199.58.86.209,8
141.255.162.34,2
85.72.148.238,2
178.34.162.104,1
66.102.9.39,32
66.102.9.41,37
113.200.26.209,2
41.97.32.91,2
54.36.148.224,1
103.103.58.123,2
149.154.167.171,3
35.204.81.174,1
89.106.175.112,273
213.87.138.101,28
176.15.52.13,181
180.190.167.242,2
31.173.84.50,64
162.247.74.202,2
94.25.170.19,7
18.215.247.212,1
176.59.21.47,18
173.252.95.24,1
217.118.83.238,1
34.253.125.229,11
185.30.228.140,2
196.27.85.79,2
203.163.231.124,2
85.26.232.118,11
188.242.42.97,55
194.228.59.243,2
77.75.77.11,3
144.76.6.230,5
69.171.251.33,2
46.164.228.98,3
27.59.49.30,2
216.211.8.237,2
207.244.157.10,2
196.203.43.146,33
95.105.55.179,15
46.229.168.133,45
188.246.185.210,22
165.225.76.207,22
46.174.255.4,20
49.207.55.97,2
94.25.169.129,6
54.36.148.28,1
37.75.248.209,15
34.252.150.193,13
66.220.149.4,10
169.48.218.38,2
18.213.150.208,2
178.136.218.250,19
66.102.9.59,586
202.142.147.66,2
109.252.1.203,24
188.162.65.135,19
109.206.147.18,553
54.36.148.248,1
192.42.116.18,3
194.85.26.21,53
41.109.105.118,2
196.137.9.72,2
91.189.112.7,5
176.31.208.193,2
54.36.150.127,15
105.103.52.249,2
31.13.127.6,11
95.153.134.141,21
116.72.123.164,2
188.68.100.51,6
18.9.0.340,383
223.185.179.250,2
66.249.79.182,4
91.211.88.84,3
66.220.149.16,4
176.193.183.249,55
17.4.1.102,70
192.243.53.51,3
213.174.146.212,1
173.252.127.27,16
1.0.154.36,20
66.249.79.180,4
105.103.61.74,2
109.252.206.138,1
183.226.248.85,2
31.173.87.59,18
94.167.175.0,2
41.75.77.34,2
173.252.127.28,11
150.129.145.130,2
5.9.90.98,4
117.201.76.63,2
109.172.30.21,259
217.66.152.36,56
35.173.255.5,1
66.249.79.240,3
47.105.119.229,4
40.77.192.84,1
66.102.9.63,607
66.102.9.61,592
40.77.193.225,1
40.77.194.36,1
40.77.192.118,1
40.77.192.59,1
40.77.194.50,2
40.77.192.239,1
40.77.193.86,1
40.77.253.131,1
40.77.253.229,1
40.77.193.72,1
40.77.194.208,1
171.25.193.235,5
40.77.192.230,1
40.77.192.55,1
40.77.195.41,1
40.77.195.35,2
80.246.244.176,22
95.85.101.57,21
176.59.201.163,20
46.39.35.193,12
35.0.127.52,5
119.187.196.55,2
93.185.29.31,1
18.7.1.920,272
130.180.218.64,2
31.13.127.5,10
81.200.120.111,36
193.233.177.234,40
192.42.116.17,3
109.252.25.201,23
54.172.209.166,5
83.220.236.222,41
18.9.0.336,138
34.201.170.38,2
103.19.253.98,2
34.235.121.89,1
52.23.246.29,2
35.153.205.37,2
77.247.181.165,1
103.255.5.84,2
92.113.105.59,1
109.97.59.20,2
208.77.46.246,2
89.15.236.155,21
95.249.123.27,2
194.226.213.254,19
181.166.188.26,2
207.46.13.200,3
193.169.52.39,12
88.99.97.146,21
192.160.102.165,1
79.27.206.51,2
185.41.112.30,23
34.229.231.230,1
137.74.114.163,7
46.229.168.143,61
195.239.55.226,21
66.249.79.236,3
213.87.148.103,58
54.159.151.193,1
31.28.5.222,17
185.35.220.12,2
208.80.155.236,2
54.36.148.153,1
83.220.236.200,19
178.45.161.40,21
54.36.149.22,1
217.66.154.187,20
213.87.156.140,21
194.31.253.240,52
52.56.123.16,1
35.177.3.72,3
66.220.149.6,6
66.165.229.130,161
62.78.59.201,26
16.0.912.75,56
62.68.137.182,22
195.176.3.20,6
69.171.251.35,1
173.252.127.18,6
66.220.149.12,8
46.118.119.215,30
176.108.235.100,61
83.169.216.193,49
199.87.228.66,160
195.182.133.35,22
104.248.141.210,1
62.170.47.244,2
209.58.139.194,156
61.5.4.147,2
52.53.201.78,5
46.63.7.76,2
85.26.232.197,11
173.252.95.11,1
95.220.155.85,15
66.220.149.25,4
185.79.103.39,20
5.172.196.188,15
144.76.138.167,1
23.111.152.74,159
95.142.161.63,1
185.100.85.190,1
83.170.113.210,49
92.242.58.13,428
605.3.8.1,42
37.140.189.207,85
149.154.167.163,1
93.180.43.82,21
95.108.225.216,9
34.207.97.208,2
87.26.50.216,2
185.70.76.23,159
154.124.91.179,2
54.36.149.42,1
31.13.127.14,1
94.21.15.68,2
91.225.77.41,67
171.61.46.97,2
94.140.142.38,5
66.249.79.168,5
66.220.149.35,1
54.36.148.228,1
31.13.127.9,4
18.184.253.146,11
91.200.28.20,1
54.36.148.41,1
77.247.181.163,5
112.134.93.240,2
69.171.251.10,4
18.196.163.175,1
52.58.118.46,2
89.21.149.25,23
112.133.248.29,2
31.13.115.5,4
81.28.221.146,10
185.220.100.253,5
2.37.215.216,2
77.233.23.110,1
141.8.150.168,21
18.7.1.924,74
31.13.127.7,16
103.220.17.8,2
51.15.116.141,1
66.220.149.33,1
173.252.95.4,2
173.252.127.32,11
80.249.180.52,55
5.77.29.22,2
62.141.37.236,3
79.111.172.222,15
212.75.142.164,38
49.249.231.162,2
37.187.129.166,6
178.140.10.225,18
46.166.139.35,2
162.247.74.199,2
94.230.208.148,2
37.170.81.219,20
185.220.101.6,3
66.220.149.2,5
54.36.148.49,5
66.220.149.13,6
54.36.149.61,1
88.230.31.211,2
37.63.135.77,2
46.6.5.34,2
93.186.74.13,2
201.217.58.218,2
178.32.185.102,6
109.63.129.227,1
109.252.1.137,18
178.134.183.73,8
27.5.29.202,2
151.75.51.116,2
51.15.57.167,5
34.243.117.27,17
139.47.92.160,2
195.176.3.23,3
77.111.247.71,2
176.193.209.90,21
85.140.2.225,15
157.55.39.47,4
110.167.88.226,1
185.104.120.3,1
92.242.59.6,37
31.13.127.3,11
107.178.40.242,3
107.178.45.191,1
42.236.10.84,10
42.236.10.78,1
42.236.10.75,2
42.236.10.92,1
180.163.220.61,5
180.163.220.47,3
180.163.220.101,5
180.163.220.124,3
180.163.220.60,3
180.163.220.99,1
27.34.104.223,2
95.24.201.54,4
2.92.193.193,4
176.193.103.199,18
54.171.90.198,12
176.196.68.229,1
180.76.15.147,1
188.170.80.199,11
62.210.247.93,8
85.26.165.179,1
51.15.80.14,1
66.220.149.29,2
69.171.251.12,6
94.25.171.44,17
5.187.70.81,21
17.4.1.919,21
62.141.39.8,3
79.113.245.171,2
171.33.254.231,88
162.247.74.217,2
185.220.102.8,4
18.85.22.239,2
41.102.173.171,2
91.78.212.70,22
106.66.114.238,2
83.220.59.158,70
150.107.206.28,2
46.39.36.19,28
46.193.3.215,1
212.3.130.115,15
195.19.247.169,80
107.23.2.109,2
185.220.101.15,3
188.69.213.107,2
188.116.11.110,1
93.172.109.219,2
185.107.47.171,3
104.244.78.207,3
194.154.66.230,1
188.123.241.73,3
185.100.87.206,3
176.100.250.158,732
31.13.127.4,6
191.189.12.195,2
173.252.87.11,3
173.252.87.14,5
173.252.87.5,2
173.252.87.1,5
173.252.87.4,6
173.252.87.13,1
173.252.87.2,3
173.252.127.33,6
173.252.127.26,9
173.252.127.16,7
173.252.127.9,15
173.252.127.20,8
188.170.83.18,17
18.212.121.38,1
195.91.230.97,20
95.55.118.131,8
69.171.251.8,4
31.13.127.8,5
173.252.127.7,5
85.54.207.13,2
5.143.169.241,15
185.220.101.7,3
92.95.112.76,2
162.247.74.201,3
104.200.20.46,2
195.19.45.65,61
85.199.141.237,7
103.54.107.207,2
88.210.29.1,1
54.36.148.142,2
51.15.205.214,1
139.99.173.172,1
54.87.27.89,24
62.183.37.218,55
54.36.148.166,2
5.172.145.237,2
91.93.43.234,2
66.249.79.209,3
31.13.21.134,15
205.185.113.14,2
35.173.131.42,1
66.249.79.20,5
83.220.237.105,24
217.24.183.151,28
192.42.116.13,2
54.36.148.71,2
91.201.70.141,2
66.249.79.207,5
5.165.16.98,21
177.220.173.66,2
203.133.171.6,9
217.66.152.66,23
85.26.165.91,1
66.249.79.219,3
66.249.79.8,1
49.36.135.139,2
171.25.193.25,2
172.241.112.86,109
93.159.238.218,1
88.212.244.12,1
176.59.46.185,6
95.24.239.191,16
46.39.228.30,22
66.249.79.22,6
77.77.32.78,2
84.55.211.126,2
154.72.167.81,2
185.220.101.45,5
128.70.210.190,22
94.178.229.12,1
81.88.222.206,319
34.207.171.6,1
193.201.224.220,4
185.220.101.33,1
78.106.247.118,69
67.2.196.172,2
199.16.157.183,13
199.16.157.181,13
34.229.160.206,1
177.149.169.227,2
66.249.79.24,8
66.249.93.91,10
45.62.251.37,1
142.44.232.109,2
212.21.66.6,4
185.220.101.27,5
91.179.51.233,2
185.193.125.190,4
173.252.95.10,3
213.87.151.125,22
37.145.124.23,22
95.24.94.21,18
18.7.0.269,18
46.188.22.216,21
176.59.109.65,1
94.188.28.127,21
174.1.63.24,2
37.146.247.148,2
31.223.131.233,2
41.141.135.176,2
87.233.197.114,10
66.249.79.6,2
93.179.90.41,1
176.59.41.84,20
41.103.23.56,2
112.134.112.85,2
66.249.79.10,3
54.36.148.57,1
94.73.32.60,2
54.77.97.155,2
46.188.123.102,1
18.9.1.241,2
93.115.86.9,1
54.38.255.116,50
41.107.168.161,2
92.222.38.67,1
46.242.12.171,21
185.100.87.129,3
31.192.139.108,19
66.220.149.7,7
46.173.214.3,1
95.26.42.113,135
173.252.95.6,1
173.252.127.11,8
94.25.170.88,2
31.13.127.1,9
173.252.127.13,11
173.252.127.6,8
66.220.149.17,8
173.252.127.14,7
173.252.127.19,10
173.252.127.24,17
173.252.127.3,4
173.252.127.21,8
173.252.127.4,6
185.220.101.20,7
46.165.230.5,5
192.42.116.14,2
51.15.124.1,2
94.75.142.22,1
109.252.90.210,58
5.254.65.128,16
151.74.21.44,2
95.220.108.141,88
37.230.157.21,75
36.65.174.38,1
54.36.148.114,1
95.250.243.251,2
181.46.78.116,2
54.38.253.233,20
87.250.224.214,7
77.88.47.253,2
178.93.133.173,7
173.252.127.30,8
66.249.79.221,3
54.36.148.14,2
78.111.36.103,2
93.80.41.54,102
190.0.0.67,63
173.252.95.1,2
66.220.149.20,3
173.252.127.10,9
173.252.127.15,10
54.38.252.149,42
178.175.139.122,4
81.200.23.43,20
185.220.101.0,4
51.15.82.2,1
49.148.6.126,2
62.78.54.181,53
5.9.158.75,1
188.214.104.146,3
54.36.148.119,2
54.36.148.200,1
54.36.150.133,1
52.215.83.20,7
66.70.217.179,2
66.249.79.223,3
79.105.252.187,1
176.121.62.193,228
54.36.149.101,1
176.59.41.177,24
171.25.193.78,4
85.248.227.164,2
34.201.22.109,2
178.87.146.135,2
193.90.12.116,2
185.220.101.29,4
66.249.79.205,1
192.160.102.170,1
137.226.113.28,2
162.247.74.7,1
51.68.79.181,11
37.9.68.167,6
54.36.148.168,2
92.63.103.241,3
76.182.74.75,2
62.212.73.141,1
174.63.121.73,2
54.36.148.100,1
54.36.148.34,1
69.171.251.2,8
66.220.149.14,7
95.188.114.39,21
24.1.251.43,2
46.147.147.236,10
123.142.223.61,2
85.192.134.3,23
66.249.65.134,5
173.252.127.17,11
95.130.9.210,1
49.144.226.164,2
195.206.57.206,4
39.45.128.2,2
66.249.65.132,10
58.20.108.148,10
40.77.189.108,2
40.77.188.117,2
40.77.190.131,2
40.77.190.36,3
40.77.190.122,1
66.249.65.130,4
49.146.28.198,2
89.163.146.247,145
66.249.73.81,4
79.137.68.85,3
175.42.2.3,1
176.10.104.240,1
66.220.149.8,6
62.210.251.247,12
46.242.2.124,3
94.102.49.197,1
66.249.73.77,3
186.19.156.206,2
185.222.202.125,1
176.10.99.200,18
198.98.56.149,3
176.126.252.12,4
66.249.65.136,2
66.249.73.93,15
158.69.192.239,4
88.198.36.62,1
79.140.21.172,21
80.211.172.238,2
51.15.240.100,1
54.174.39.251,10
13.66.139.1,2
13.66.139.0,2
66.249.73.95,15
40.77.189.131,1
40.77.189.10,1
40.77.188.39,1
40.77.189.233,1
66.249.73.91,7
163.172.174.24,5
186.156.3.38,22
119.160.116.68,2
36.82.96.215,2
162.210.196.129,2
128.68.34.196,22
37.9.118.29,15
95.26.82.251,6
112.202.237.40,2
85.248.227.165,1
116.39.244.236,2
78.109.23.2,2
185.220.101.30,2
85.93.93.133,3
31.178.170.131,2
13.57.233.99,2
187.144.71.62,2
45.116.232.35,2
31.13.115.8,2
162.210.196.100,6
112.200.229.164,2
66.220.149.5,9
195.254.134.242,2
94.25.182.15,21
90.189.154.218,8
605.1.33.1,6
117.196.98.136,2
185.220.101.21,2
89.39.107.191,21
180.76.15.30,1
209.17.96.210,2
85.91.210.220,2
198.96.155.3,2
83.136.242.98,21
62.210.103.36,4
199.59.150.183,1
42.236.103.106,1
42.236.55.21,1
69.171.251.7,5
46.47.39.162,1
180.76.15.145,1
171.97.75.106,2
37.228.129.2,1
176.59.46.201,16
37.110.13.101,22
120.29.112.199,2
82.94.132.34,1
94.25.161.110,20
176.14.243.50,9
103.214.229.118,2
136.0.99.199,2
54.166.203.17,101
34.228.208.32,1
188.170.81.104,1
180.76.15.143,2
85.173.128.162,37
188.170.74.160,11
66.249.65.128,1
217.66.156.63,17
180.190.67.19,2
105.186.156.243,2
31.44.179.198,22
18.6.1.772,22
37.115.189.131,1
85.143.112.35,21
141.8.183.213,1
54.36.148.214,1
103.231.229.66,2
91.79.193.133,7
137.97.156.53,2
79.111.118.87,1348
31.173.82.167,11
47.30.255.34,2
185.39.146.214,138
84.47.147.66,4
185.220.102.4,4
154.127.173.22,2
85.26.233.230,1
113.210.97.169,2
46.242.10.77,57
173.252.127.25,4
178.62.43.135,21
69.171.251.16,6
117.211.47.140,2
62.213.98.14,21
66.249.70.8,14
27.5.245.101,2
91.224.217.99,2
31.13.115.6,2
31.171.71.18,3
49.151.217.135,2
176.195.111.156,21
1.0.1.300,21
188.162.75.92,1
8.20.13.21,1
110.54.248.59,2
188.170.80.213,22
16.7.0.277,22
34.229.106.26,1
66.249.64.159,53
104.223.123.98,5
178.71.238.10,8
66.249.70.22,15
60.241.18.51,2
213.33.141.146,28
86.62.70.242,143
66.249.64.157,48
85.26.232.190,20
93.41.3.167,2
148.251.247.241,6
217.118.83.158,4
173.252.127.1,4
86.126.84.64,2
130.0.99.10,2
66.249.70.6,15
51.38.69.128,2
105.108.219.24,2
82.78.84.53,2
195.209.231.147,28
173.252.127.12,6
173.252.127.5,6
69.171.251.9,4
134.19.212.96,3
46.138.58.122,14
66.249.64.145,11
213.87.150.224,22
69.171.251.4,4
86.62.74.53,2
83.220.238.185,1
69.171.251.17,5
66.220.149.21,6
109.252.43.70,1
83.220.238.30,1
46.211.75.7,1
190.0.0.34,129
5.9.156.20,1
66.220.149.11,7
195.176.3.19,4
178.23.226.142,15
178.251.141.43,1
66.220.149.19,13
109.252.25.170,1
27.56.224.183,2
217.118.78.81,27
194.135.152.136,22
95.161.151.2,49
46.148.234.233,1
64.89.234.161,2
46.39.229.122,4
165.225.104.90,2
161.53.180.24,2
154.118.84.159,2
66.249.64.155,51
41.251.221.212,2
60.240.145.180,2
109.252.87.43,21
183.83.90.61,2
5.9.104.30,3
85.140.4.227,18
178.137.83.175,9
141.136.179.130,2
93.185.28.243,17
185.251.20.58,1
95.173.151.130,2
109.252.109.53,64
94.198.131.221,2
173.0.0.65,2
125.162.229.188,2
49.34.99.58,2
66.220.149.15,7
66.249.70.20,7
62.210.129.246,2
83.220.237.180,1
81.89.188.22,21
89.19.112.197,20
173.252.87.10,1
66.249.64.143,8
54.36.149.93,1
173.252.95.17,4
40.77.188.3,2
188.69.199.150,2
46.252.54.112,1
173.252.87.6,1
46.17.46.199,1
109.70.100.18,7
198.84.131.190,2
83.220.236.191,1
184.0.0.40,1
91.78.247.91,1
177.0.0.62,1
183.171.240.6,2
91.77.239.245,53
79.139.158.67,1
213.87.154.232,2
185.220.101.32,4
54.36.149.88,1
94.204.94.97,14
109.63.215.255,1
83.102.198.47,88
217.151.131.52,32
18.6.1.770,53
52.90.235.182,1
195.208.106.133,34
197.206.188.78,2
94.79.7.5,1
171.5.236.208,2
176.208.14.9,67
188.71.216.56,2
213.87.151.209,4
178.121.30.216,3
18.215.234.183,1
92.50.170.126,1
91.192.70.24,21
35.171.150.206,1
83.20.173.103,2
69.171.251.21,3
31.173.85.63,1
180.76.15.7,1
82.145.221.109,26
66.249.64.141,14
176.106.150.172,3
89.33.215.60,3
89.189.100.10,20
194.146.230.240,3
42.153.55.48,2
109.252.14.47,1
105.105.30.1,2
89.146.75.58,3
87.117.38.32,23
66.249.70.24,8
180.76.15.148,1
91.79.211.144,17
5.170.195.220,2
24.51.216.126,1
91.203.63.74,3
122.174.131.102,2
66.220.149.10,5
46.56.227.11,1
95.167.150.28,1
66.249.70.10,11
176.59.20.134,21
54.36.148.160,1
78.141.77.115,20
104.199.12.174,1
52.91.43.221,1
142.44.232.114,1
54.36.149.92,1
85.238.105.143,5
109.252.17.249,33
193.90.12.117,1
141.0.12.107,57
217.159.139.41,3
91.77.211.205,1
178.221.192.43,2
83.220.239.139,1
153.0.0.53,2
213.87.147.162,21
109.252.86.222,14
176.223.101.123,15
176.59.50.113,21
2.15.0.2,21
80.67.172.162,3
159.93.38.187,193
45.64.139.42,2
51.15.72.211,3
217.148.211.220,3
51.68.76.227,2
86.123.229.243,2
82.76.7.246,2
176.59.35.22,1
46.118.157.206,15
2.46.248.20,2
197.200.31.26,2
190.31.1.237,2
81.17.27.136,1
213.87.135.236,52
59.152.107.78,2
37.230.157.13,20
213.87.135.219,50
178.17.174.10,1
197.206.207.13,2
176.126.252.11,2
5.63.109.56,1
52.91.61.38,1
54.36.148.241,1
75.86.45.215,2
109.252.83.211,15
213.108.141.128,21
37.9.118.24,12
217.19.212.130,19
193.225.200.92,39
187.189.13.151,2
219.91.155.170,2
69.171.251.15,7
31.42.47.11,21
173.252.127.22,7
46.138.149.187,2
173.252.127.31,6
61.3.114.248,2
66.102.9.43,36
34.229.104.111,1
85.26.234.206,11
204.85.191.31,1
94.25.170.129,2
212.34.48.109,7
83.220.238.197,1
54.36.148.174,1
176.240.102.38,2
95.188.105.109,26
157.38.193.116,2
2.84.174.104,3
46.39.35.3,21
173.252.87.8,2
185.220.101.5,4
201.17.158.80,2
37.252.82.172,7
86.142.143.51,2
163.172.132.199,3
54.36.148.199,1
212.3.130.108,21
46.13.27.119,2
106.201.163.85,2
188.163.1.195,3
93.84.33.79,3
49.36.1.224,2
95.32.158.59,21
195.154.156.151,14
177.73.1.29,2
5.188.210.53,1
111.91.111.208,2
213.87.154.81,1
31.173.84.82,1
17.58.96.238,2
104.244.78.163,1
31.202.99.214,3
109.252.17.244,62
180.76.15.144,1
180.76.15.151,1
180.76.15.160,1
54.144.10.65,1
188.187.8.9,118
180.76.15.152,2
54.173.12.212,1
89.208.90.14,22
109.196.217.17,18
117.254.80.66,2
104.248.17.239,1
89.219.42.205,1
62.42.199.151,2
209.141.55.10,2
103.103.57.21,2
176.37.59.105,3
176.116.143.108,15
82.51.109.81,2
178.34.148.245,15
185.144.78.164,1
39.35.83.160,2
85.26.235.163,1
85.238.103.227,3
195.62.62.245,54
23.237.4.26,277
95.213.6.1,4
182.86.184.61,2
69.76.146.124,2
41.111.80.35,2
31.173.80.155,32
95.153.134.199,54
66.102.9.159,2
66.102.9.23,8
66.102.9.155,3
66.102.9.25,8
66.102.9.157,6
66.102.9.21,6
130.193.121.220,21
51.15.43.205,1
95.105.118.9,56
217.20.157.189,1
95.91.255.89,14
37.145.109.12,1
183.0.0.41,3
31.181.244.23,21
185.147.237.8,2
84.39.247.69,22
52.0.0.8,22
81.214.11.25,2
91.146.121.3,1
213.230.93.236,7
27.123.241.2,2
176.98.125.144,2
95.138.31.162,2
197.207.166.201,2
213.87.154.30,22
81.98.126.174,2
191.241.46.129,2
31.13.115.9,1
178.120.201.49,3
69.171.251.22,13
69.171.251.25,5
69.171.251.1,8
69.171.251.18,6
69.171.251.27,2
31.40.24.70,3
31.181.171.132,1
46.146.108.103,1
188.244.180.229,12
79.66.86.44,2
109.252.76.4,44
109.252.45.97,1
93.85.42.157,7
83.220.236.24,1
217.118.95.118,45
185.34.33.2,1
185.220.101.47,3
93.85.62.103,21
180.76.15.135,2
180.76.15.18,1
79.175.3.73,50
5.165.16.45,39
31.185.104.19,1
188.164.161.95,47
185.100.87.207,2
46.38.235.14,2
151.70.167.150,2
46.188.121.94,22
45.252.72.4,2
176.59.47.50,60
91.79.251.150,84
173.252.95.5,3
193.171.202.150,3
93.115.86.8,1
213.87.157.168,13
180.76.15.138,1
95.32.204.49,21
112.134.74.118,2
79.137.143.90,1
46.252.117.145,22
83.220.239.62,1
185.107.47.215,1
171.25.193.77,1
31.204.105.96,21
176.31.45.3,1
184.105.48.198,2
185.167.218.15,21
52.55.118.82,8
51.15.49.134,1
66.220.149.3,3
95.153.132.172,58
46.98.87.198,20
49.205.21.15,2
54.236.24.17,2
95.130.10.69,2
5.158.232.39,22
36.77.250.90,2
39.52.11.52,2
95.55.212.151,2
83.205.226.237,2
92.0.174.208,2
213.87.138.143,63
89.146.82.197,3
92.243.166.34,1
119.92.4.192,2
199.249.223.61,2
5.15.47.37,2
122.174.164.228,2
31.28.39.25,20
185.227.82.9,2
94.25.168.84,194
173.252.95.9,3
86.97.136.150,2
54.36.148.233,3
95.161.223.76,19
211.201.171.114,5
46.242.10.241,1
31.173.85.7,171
69.171.251.26,8
69.171.251.3,6
178.34.150.221,68
40.77.190.49,17
128.204.217.239,4
192.42.116.23,1
91.210.195.221,1
192.42.116.20,2
54.36.148.195,2
199.59.150.181,1
94.25.171.100,1
192.160.102.169,1
66.249.70.26,1
176.53.90.26,1
176.59.52.150,23
95.28.80.113,1
213.87.153.101,21
83.220.237.71,1
82.131.15.232,20
213.87.138.15,2
79.23.83.223,2
93.175.7.212,20
92.101.38.233,18
46.242.11.133,44
204.85.191.30,3
109.81.214.157,2
183.83.28.219,2
93.171.31.245,20
80.250.164.49,28
178.32.185.101,1
176.43.192.47,27
94.180.194.233,4
92.255.93.190,112
174.129.109.145,1
78.37.16.114,5
83.220.239.191,59
18.212.140.40,1
34.204.89.113,1
213.87.159.130,1
182.61.55.166,5
31.173.82.182,22
52.0.0.14,22
120.24.48.143,5
213.87.145.162,51
34.203.231.86,1
185.37.25.201,2
178.215.68.47,22
95.26.144.43,25
41.58.125.165,2
54.36.148.203,1
74.215.211.224,2
173.252.127.29,6
90.154.33.227,2
115.87.121.136,2
95.24.235.148,27
57.0.0.9,20
80.82.215.17,2
87.117.48.30,1
31.173.87.20,15
31.173.81.196,11
86.101.17.129,2
91.122.17.168,8
178.148.6.111,2
158.69.192.200,1
185.220.101.44,4
92.86.54.241,2
46.182.106.190,1
54.36.148.186,1
80.127.116.96,2
40.77.190.143,1
40.77.188.161,1
40.77.188.109,3
40.77.189.154,3
91.219.236.171,19
46.39.249.166,7
54.36.149.52,2
142.116.216.244,2
95.24.145.217,53
176.59.52.17,148
185.100.85.101,1
78.41.115.145,1
185.220.101.12,3
81.1.129.238,21
144.217.60.239,1
54.36.148.226,2
66.249.70.28,1
185.24.218.171,1
142.93.106.245,1
185.220.102.7,3
64.185.235.234,3
95.128.43.164,1
181.165.176.202,2
219.91.40.94,2
5.39.162.133,12
52.55.60.128,10
31.171.251.193,1
64.228.205.134,2
220.125.42.49,2
94.102.51.78,1
166.70.207.2,2
190.36.22.74,2
162.247.74.213,1
54.36.149.105,1
91.134.241.204,1
207.46.13.205,2
46.39.56.74,15
66.249.83.217,20
66.249.83.220,25
157.55.39.79,13
207.46.13.12,6
207.46.13.14,7
207.46.13.16,9
142.44.232.103,1
213.110.201.141,2
77.251.68.96,2
191.177.124.57,2
94.142.242.84,1
46.147.141.107,27
199.16.157.182,9
157.119.234.44,1
103.202.141.20,5
40.77.189.59,3
40.77.188.241,1
40.77.189.253,2
40.77.189.187,2
90.151.91.137,25
37.139.8.104,1
40.77.192.145,1
40.77.194.201,1
40.77.252.97,1
132.232.63.175,5
202.170.80.25,17
185.220.101.22,2
104.244.76.50,1
91.121.117.21,1
192.162.103.150,1
129.0.211.241,2
209.90.225.227,3
95.27.143.14,2
195.93.180.63,8
109.252.14.157,18
122.164.4.19,2
94.130.131.80,1
1.9.0.1,1
70.26.149.135,2
54.36.148.17,1
34.235.135.139,1
95.25.15.23,55
182.183.212.63,2
52.87.74.176,1
176.59.34.164,7
18.207.232.194,1
54.89.38.119,1
18.234.137.249,1
37.16.82.27,1
37.9.53.12,1
162.210.196.98,4
142.44.232.101,2
106.51.108.123,2
78.26.151.61,1
217.182.168.178,2
197.28.5.126,11
193.40.25.252,16
176.59.1.36,15
58.10.129.68,2
46.161.27.210,3
217.66.159.9,15
35.178.128.89,1
83.220.237.125,2
218.241.251.146,5
106.12.38.54,5
54.36.148.170,1
78.40.84.19,2
95.55.7.215,20
200.91.35.68,2
54.166.141.69,69
83.220.239.121,3
188.170.80.170,11
46.138.112.23,15
198.50.200.135,2
52.90.15.196,1
95.130.9.90,3
185.56.80.242,6
94.179.139.233,22
162.247.74.200,1
145.255.22.48,21
88.230.13.118,2
61.6.233.58,2
94.19.229.240,19
52.205.4.250,1
203.116.128.99,2
31.13.115.4,3
157.55.39.65,2
213.87.145.80,14
54.36.149.45,1
219.90.106.181,2
52.87.199.4,1
157.55.39.83,1
124.253.103.60,2
54.37.16.241,1
162.210.196.97,2
185.202.212.88,4
109.73.9.249,1
188.170.74.19,2
27.78.64.23,1
212.109.217.105,2
66.220.149.1,5
31.173.86.65,14
194.135.167.234,1
176.15.228.104,1
213.87.155.46,1
180.190.58.30,2
93.174.93.133,1
89.207.91.187,10
5.44.37.65,1
188.191.20.182,20
5.191.19.151,1
213.87.156.45,1
106.51.222.64,2
77.251.126.119,2
82.208.126.190,21
66.249.93.6,1
66.249.93.8,2
217.118.83.137,2
40.77.188.206,1
31.133.207.218,15
77.111.246.13,23
40.77.188.181,1
40.77.189.2,3
40.77.189.215,1
40.77.189.46,1
40.77.189.122,1
5.1.55.246,1
62.84.104.194,15
108.174.2.200,1
157.55.39.11,1
81.211.42.19,52
178.154.244.38,6
37.9.113.159,1
178.17.171.114,1
182.69.250.215,2
95.189.201.75,102
139.228.230.188,2
77.238.250.85,27
209.141.51.150,1
91.134.123.249,1
77.244.124.111,1
69.171.251.20,1
83.220.237.164,1
129.205.99.66,2
194.15.116.199,15
194.186.207.140,33
27.64.141.33,2
46.165.10.117,235
34.238.166.197,1
54.36.148.32,1
77.108.80.170,45
5.10.253.196,1
35.171.155.92,1
213.87.129.134,1
199.16.157.180,13
52.56.241.62,3
39.33.202.240,2
185.117.119.8,24
91.79.92.122,1
178.32.185.97,3
51.38.191.76,1
193.19.119.92,1
62.213.63.17,22
69.171.251.24,5
95.153.135.241,21
54.36.148.99,1
93.80.250.101,9
37.52.40.23,21
194.85.130.190,1
157.46.115.128,2
77.108.74.58,31
123.123.219.47,2
80.232.242.172,1
18.194.240.10,2
85.10.207.195,16
178.213.240.13,89
84.100.13.63,2
54.36.148.112,1
157.55.39.73,4
46.242.8.31,18
82.138.11.185,1
172.0.0.46,2
213.87.135.48,17
34.233.121.190,3
2.91.128.27,2
49.35.71.125,2
77.50.114.2,25
112.133.237.24,2
91.78.163.150,87
35.153.180.11,1
31.23.244.110,1
52.90.246.83,1
212.13.112.162,18
31.13.115.2,4
188.187.189.150,22
94.185.26.168,2
78.85.4.141,1
69.171.251.5,3
157.82.156.245,4
82.142.159.218,1
174.0.0.48,2
213.221.7.42,97
207.46.13.71,18
157.55.39.177,26
5.228.192.144,7
180.254.92.106,2
58.187.54.139,2
188.170.82.177,1
54.36.149.30,1
178.236.248.220,18
34.207.142.45,1
37.142.196.113,2
139.190.103.96,2
151.80.10.50,9
194.44.229.194,2
31.173.85.91,11
194.190.107.85,21
109.206.150.76,18
103.76.153.250,2
207.46.13.247,2
54.36.148.95,1
83.239.85.182,19
69.171.251.14,4
90.154.4.17,71
213.171.58.166,22
216.244.65.3,4
197.4.17.185,2
62.210.105.116,2
137.205.1.207,2
109.95.219.253,18
95.130.12.33,1
91.121.220.108,1
178.70.147.117,22
185.197.32.6,51
217.79.14.158,56
54.36.148.138,2
18.208.216.124,4
104.248.42.104,1
196.171.156.66,2
103.238.106.248,2
34.254.158.61,1
51.254.208.48,4
80.95.44.78,1
90.95.184.22,2
109.63.235.159,1
54.36.148.39,1
95.163.255.69,20
95.163.255.67,30
219.73.90.104,2
95.163.255.65,30
129.122.157.152,2
90.197.4.70,2
177.16.85.136,2
93.85.36.216,15
185.244.217.155,3
196.70.47.230,2
66.220.149.24,10
180.76.15.137,1
178.215.80.6,29
27.106.57.54,2
41.77.16.72,2
188.170.174.164,19
111.91.78.189,2
207.46.13.21,1
46.242.60.82,3
188.170.80.228,11
176.63.115.242,2
87.243.60.237,1
109.102.202.241,2
45.120.114.162,2
78.37.205.110,23
93.185.28.138,23
83.237.187.3,22
178.140.229.46,15
103.24.127.196,2
178.121.66.176,3
12.193.203.226,2
114.4.216.132,2
83.220.237.86,1
5.107.80.165,2
65.19.167.132,2
89.207.92.203,20
5.254.65.183,41
173.252.127.2,5
84.214.54.232,2
213.21.185.207,2
121.7.164.221,2
196.28.250.105,2
195.9.208.94,22
95.249.83.23,18
80.181.102.236,2
96.66.15.147,1
89.156.61.136,22
46.61.242.85,21
46.4.86.164,1
188.242.94.76,25
219.93.82.92,2
95.163.255.64,25
95.163.255.66,24
95.163.255.62,27
200.148.121.109,2
85.26.233.168,1
86.126.207.29,2
199.249.223.77,1
38.128.66.10,2
46.214.159.61,2
83.220.236.121,6
95.249.236.161,2
54.36.148.73,1
37.146.193.30,14
103.206.179.214,2
35.202.99.105,1
54.36.149.212,3
37.232.68.244,2
189.223.19.253,2
202.40.186.82,2
136.243.95.186,2
176.74.57.164,52
185.79.101.25,18
213.87.144.144,102
64.0.0.12,102
91.76.200.18,25
18.215.253.174,1
34.238.142.234,1
31.173.82.100,2
89.216.196.162,2
157.49.169.46,2
85.202.228.71,98
95.67.211.34,15
176.212.83.116,1
64.190.90.60,1
104.131.26.7,2
62.183.125.96,38
34.243.40.12,1
148.251.43.46,268
79.143.73.205,57
47.30.224.6,2
213.87.157.38,1
35.187.52.28,1
178.71.127.120,83
18.130.139.166,1
35.177.137.253,2
109.252.71.200,19
5.191.32.52,1
149.27.131.182,21
39.52.72.172,2
157.49.197.126,2
95.27.65.36,42
93.176.156.220,2
34.230.69.134,1
213.174.191.116,4
18.209.241.188,2
62.231.19.222,54
89.33.246.73,1
93.34.95.239,2
85.26.233.222,1
37.45.213.243,54
89.178.231.84,4
69.171.251.28,3
157.43.103.191,2
217.20.144.172,1
90.154.73.210,49
188.242.1.145,45
45.33.139.75,1
85.30.254.34,8
144.76.162.206,2
194.59.251.214,1
185.230.127.237,14
78.178.242.253,2
185.220.101.1,2
207.46.13.45,1
95.55.115.83,17
85.171.85.7,2
54.36.148.94,2
207.46.13.175,12
39.104.227.221,1
65.19.167.130,1
109.68.173.71,21
46.71.138.120,21
213.87.153.173,1
196.229.187.107,2
46.17.203.253,11
177.47.232.124,2
62.240.53.18,2
213.189.209.24,1
151.62.115.186,2
66.220.149.9,3
178.217.57.230,22
77.229.193.21,2
92.154.23.153,11
109.240.196.217,2
66.249.66.156,98
94.130.168.232,3
192.42.116.28,3
66.220.149.22,3
178.17.166.148,1
202.1.194.1,2
88.21.64.220,4
46.39.50.187,28
109.252.109.15,21
79.41.66.190,2
167.114.155.99,1
109.93.214.141,2
81.229.101.156,2
46.188.14.37,21
211.115.73.25,2
46.196.89.100,2
88.27.210.111,2
87.118.116.12,2
107.178.45.58,1
190.72.165.47,2
192.42.116.27,1
42.236.55.41,1
42.236.99.178,1
91.90.178.16,2
109.252.93.79,13
41.103.215.128,2
176.205.233.126,2
35.176.151.78,1
185.158.113.28,1
54.36.148.42,2
178.17.171.214,1
54.36.148.82,1
187.11.235.194,2
54.77.161.41,8
157.55.39.251,14
189.167.144.186,2
66.249.66.153,100
176.59.33.152,265
178.20.55.16,2
162.247.74.216,1
212.112.126.244,1
165.0.0.74,1
77.75.76.171,2
5.196.1.129,1
35.204.63.94,1
54.91.232.226,1
185.220.101.9,1
142.44.232.102,2
94.100.229.52,1
130.65.254.11,2
130.149.80.199,1
213.10.167.246,2
31.173.86.22,14
31.173.82.54,66
54.36.148.242,1
103.90.242.83,49
181.188.162.204,1
137.74.169.241,1
54.36.148.181,1
104.172.102.216,21
66.249.83.219,16
77.75.77.17,2
69.171.251.19,2
177.179.61.198,2
66.249.66.155,104
173.211.84.218,1
91.192.70.37,22
89.248.162.130,3
77.75.76.165,2
89.234.157.254,4
49.151.133.67,2
148.251.69.139,2
157.119.217.106,2
18.9.0.346,305
37.143.15.220,2
78.136.36.43,4
162.243.142.29,18
107.23.47.246,1
54.36.148.66,2
193.169.145.202,1
54.36.149.90,2
45.248.17.121,2
144.217.161.119,2
178.17.170.196,1
1.9.147.2,2
212.3.130.58,60
107.20.19.60,1
91.79.57.22,3
123.207.111.74,4
189.202.193.45,3
194.135.152.76,20
14.33.239.190,2
189.0.0.44,33
178.239.176.73,2
125.209.111.146,2
119.74.253.28,2
46.188.123.143,1
37.146.11.184,53
5.191.15.218,2
49.145.106.255,2
81.169.235.142,4
54.36.148.229,1
195.154.122.41,4
192.160.102.168,2
1.22.78.218,2
104.244.73.126,2
52.175.245.102,37
36.84.70.195,2
112.205.46.30,2
106.222.170.247,2
222.127.119.137,2
69.156.100.204,2
54.36.149.76,1
54.36.148.147,2
49.144.139.247,2
54.36.148.220,1
37.187.94.86,1
54.36.149.73,1
84.38.130.106,2
54.36.148.115,1
54.36.149.106,1
35.157.12.222,1
194.186.207.141,1
31.173.101.66,6
195.211.193.132,1
180.76.15.29,1
54.36.149.25,1
85.26.232.137,11
31.215.4.21,2
180.252.148.238,2
54.36.148.250,2
119.29.62.45,4
129.126.64.30,2
78.189.28.251,2
118.126.111.136,8
89.111.244.66,2
54.36.149.95,1
121.58.199.108,2
83.220.236.156,1
80.215.111.97,2
49.207.51.50,2
193.0.218.163,20
77.75.77.32,2
54.36.149.102,1
46.188.125.165,1
54.36.149.86,1
49.147.23.248,2
217.66.154.73,21
217.118.83.210,2
80.44.21.251,1
115.178.250.209,2
54.36.148.18,1
122.178.254.178,2
52.210.59.41,4
194.27.232.15,2
103.200.43.130,2
123.126.113.120,2
95.216.19.117,2
80.85.245.165,21
182.77.84.33,2
39.32.230.70,2
95.28.82.36,22
94.29.124.124,58
54.82.161.244,1
122.178.145.216,2
103.50.81.16,2
110.139.74.50,2
80.68.0.250,3
82.228.242.60,2
197.210.53.52,2
173.252.95.8,7
173.252.95.7,12
173.252.95.15,1
189.4.219.100,2
111.231.115.138,4
95.163.107.70,2
94.25.171.66,59
78.100.212.206,2
95.77.156.193,2
165.227.210.230,23
213.32.126.51,4
94.198.135.225,42
188.163.99.231,1
122.173.53.79,2
79.252.3.180,12
178.20.55.18,1
94.29.124.15,19
52.90.208.106,1
188.226.220.27,1
54.39.28.102,1
124.122.30.203,11
37.145.52.9,1
180.0.0.37,1
87.110.44.41,1
176.59.40.67,15
142.44.249.200,1
142.44.249.218,1
54.39.77.176,1
169.47.43.206,1
193.19.119.52,1
185.158.113.154,1
207.46.13.242,4
85.115.248.94,1
7.1.29.21,1
92.46.110.2,22
193.19.119.18,1
185.158.112.95,1
193.19.119.47,1
185.158.113.153,1
193.19.119.43,1
185.158.113.168,1
77.75.77.62,2
185.251.242.2,20
109.233.188.172,2
199.58.86.206,4
178.124.163.185,3
37.105.222.108,2
94.19.244.59,3
161.0.0.47,3
51.37.60.136,1
212.46.18.188,1
157.0.0.42,1
176.59.21.40,16
149.154.167.164,2
54.36.148.22,1
85.26.234.84,33
41.202.207.128,2
77.238.99.138,21
34.207.169.78,1
217.118.86.60,28
54.36.148.127,1
54.36.149.34,1
182.69.28.177,2
109.172.60.38,22
54.36.149.24,1
182.74.243.58,2
66.249.66.147,4
117.198.122.186,2
66.249.66.149,4
220.181.108.85,1
123.125.71.32,1
176.88.22.112,2
173.252.95.2,1
124.83.97.149,2
91.236.61.17,1
49.36.1.14,2
80.77.162.72,21
85.143.161.162,21
213.87.121.53,22
213.61.215.54,2
104.248.141.152,1
54.36.148.15,2
195.154.123.97,3
39.46.168.236,2
114.134.17.224,2
125.63.103.253,2
61.6.24.191,2
37.25.108.217,2
195.245.221.96,2
95.152.17.82,26
86.234.139.221,2
178.62.251.142,4
109.202.61.255,19
64.233.173.4,8
64.233.173.2,6
64.233.173.6,2
54.209.38.37,1
178.149.161.254,2
75.143.32.177,2
213.232.195.228,23
192.40.95.31,1
31.199.169.156,2
91.192.70.27,20
10.0.0.26,20
185.24.218.181,1
46.28.230.10,55
187.143.10.190,2
103.10.116.95,2
89.139.214.236,2
217.25.18.84,1
213.87.155.152,26
95.153.130.74,20
86.62.65.68,41
18.184.229.207,1
18.196.170.1,1
185.129.62.63,1
157.55.39.49,7
207.46.13.230,3
91.240.109.1,2
207.46.13.121,5
40.77.192.225,1
40.77.194.51,2
40.77.252.108,1
40.77.253.184,1
40.77.194.159,1
40.77.193.169,2
40.77.194.187,1
40.77.193.47,1
40.77.194.42,1
40.77.193.82,2
40.77.192.246,1
40.77.194.206,1
40.77.192.212,1
40.77.193.118,1
40.77.195.21,1
40.77.193.102,1
35.176.43.68,1
35.176.56.3,1
178.62.67.230,4
94.198.193.162,23
46.0.120.24,15
46.76.117.40,2
213.74.80.178,2
64.233.172.191,2
64.233.172.189,2
84.19.181.25,2
109.144.216.176,2
40.77.167.85,55
213.87.131.196,21
141.255.162.35,1
176.79.101.75,2
212.19.11.254,21
40.77.188.40,1
40.77.189.50,1
40.77.190.17,1
40.77.188.166,1
40.77.190.35,1
40.77.190.25,1
40.77.189.58,1
117.103.83.14,2
192.54.216.10,23
49.148.250.195,2
180.76.15.26,1
109.252.74.15,21
51.179.109.185,2
157.55.39.48,5
207.46.13.133,87
142.44.249.204,1
54.39.77.178,1
169.47.43.194,1
207.46.13.225,70
31.130.149.151,2
181.0.0.33,3
207.46.13.67,60
185.125.231.242,1
185.217.71.139,4
31.173.81.254,1
176.59.53.54,4
99.229.90.246,1
208.184.100.127,2
176.42.204.230,2
77.75.76.166,2
79.172.89.144,1
178.234.105.53,20
46.235.72.86,2
54.36.149.5,1
46.2.236.222,1
54.145.218.200,1
18.232.118.42,1
182.71.130.10,2
94.45.185.72,21
94.254.157.240,2
122.172.30.109,2
103.255.227.116,2
78.46.84.199,1
185.220.102.6,1
213.174.99.139,11
190.171.102.35,2
189.216.87.26,2
51.15.224.0,1
46.39.246.25,21
31.173.84.159,206
176.193.114.228,21
37.193.249.92,1
54.208.102.37,2
80.254.102.208,80
159.69.88.4,1
88.196.133.26,1
92.255.163.31,51
157.55.39.169,1
193.90.12.119,1
185.3.147.67,2
176.192.164.46,1
150.0.0.32,1
76.5.128.223,2
62.217.151.166,1
191.0.0.35,160
187.33.5.110,4
95.26.33.241,22
31.10.168.25,2
83.220.237.45,68
83.79.100.45,1
223.24.9.138,2
54.243.4.89,2
83.220.238.144,92
128.68.177.82,3
31.173.86.212,11
2.62.204.250,19
213.81.220.111,2
93.74.210.205,1
199.249.223.74,2
82.82.169.182,2
69.171.251.11,2
95.173.34.129,1
54.36.148.143,1
194.106.195.92,20
176.115.52.38,1
89.237.100.127,2
217.69.143.46,1
167.99.42.89,1
217.69.143.47,1
51.15.88.249,1
189.71.205.117,2
41.143.2.195,2
54.36.149.3,2
173.252.127.35,4
173.252.127.34,2
47.8.159.144,2
188.155.94.63,1
94.190.30.199,26
86.127.211.244,2
103.42.156.229,2
185.79.103.89,1
187.195.60.133,2
79.126.100.17,56
54.36.148.45,2
87.152.198.74,19
103.242.188.228,2
139.199.37.92,4
181.64.232.102,4
213.207.135.35,1
164.0.0.56,1
46.146.4.4,33
86.14.226.207,2
188.162.186.49,10
174.129.185.55,1
105.110.173.212,2
54.36.149.19,1
173.252.95.18,1
88.201.167.60,20
83.220.238.180,1
54.36.149.198,1
94.242.171.127,45
41.107.10.226,2
122.174.106.1,2
207.46.13.25,22
66.249.81.59,21
66.249.81.61,13
180.76.15.161,1
51.175.46.34,2
83.220.238.17,1
188.170.75.244,11
94.35.164.125,2
83.31.202.153,2
109.89.142.59,2
209.141.61.45,1
46.61.242.65,20
157.46.116.20,2
31.173.80.98,1
37.193.105.164,21
107.21.196.75,1
182.161.71.210,5
138.246.253.5,1
193.41.76.79,87
46.118.155.165,5
213.87.157.151,1
109.252.84.49,14
180.76.15.19,1
96.246.215.111,1
134.19.244.21,21
51.15.233.253,1
34.238.161.58,2
54.89.126.241,1
54.235.31.127,1
104.218.63.72,1
178.69.96.127,19
186.19.120.163,2
81.82.198.178,2
192.42.116.15,1
213.87.135.87,2
2.51.31.224,2
46.175.165.7,3
37.11.122.204,2
83.220.238.42,1
87.118.122.50,1
85.140.7.173,15
80.217.52.71,1
82.77.103.8,2
88.119.3.168,2
54.36.148.213,1
195.154.122.75,3
185.222.202.12,1
85.140.5.216,55
85.89.127.27,20
31.185.4.44,1
40.77.167.197,25
47.63.101.253,2
31.180.229.233,14
86.29.55.163,2
95.134.220.37,1
109.92.175.162,2
77.111.247.5,2
46.172.9.218,1
114.55.177.160,4
154.68.55.41,2
35.176.24.70,1
188.250.22.186,2
95.222.28.84,2
87.228.107.174,1
54.36.148.33,1
51.15.68.66,1
54.36.148.43,2
106.11.156.170,1
36.250.175.252,2
174.211.21.115,1
46.39.49.101,114
64.137.221.226,1
18.212.103.56,1
95.57.235.185,3
54.84.95.181,1
122.164.146.121,2
18.232.164.113,1
40.77.167.200,1
58.174.222.247,2
193.49.225.9,25
91.230.156.29,2
61.94.90.58,2
54.36.149.51,1
92.101.70.250,21
195.91.241.193,1
87.116.191.187,2
107.178.45.185,1
217.182.78.177,1
122.54.135.223,2
94.28.232.189,20
31.173.84.99,22
185.24.218.179,1
216.160.239.174,8
186.179.100.78,2
54.36.148.182,1
144.217.80.80,3
66.160.140.181,2
187.123.142.29,2
176.59.207.84,11
185.24.218.174,2
217.118.81.235,23
71.91.113.112,2
83.23.111.139,2
105.107.171.193,2
139.167.97.115,2
178.17.166.146,1
204.48.94.210,2
51.255.65.46,1
88.230.137.251,1
193.201.224.225,4
62.234.168.124,4
185.220.101.28,2
185.100.86.182,1
137.226.113.27,1
89.187.143.31,3
95.5.90.120,2
179.24.111.26,1
159.65.34.46,21
54.36.149.60,1
180.169.106.162,2
194.31.45.200,1
195.22.22.29,1
175.110.202.94,2
128.75.104.13,1
91.134.147.249,1
185.20.176.216,19
54.89.91.89,1
98.179.147.197,1
50.251.229.75,2
192.160.102.166,1
207.46.13.233,43
114.4.220.14,2
145.239.91.37,1
184.168.200.180,4
1.9.0.15,4
213.141.155.194,16
121.204.129.153,4
123.207.39.209,4
107.77.70.80,1
178.17.166.147,1
124.106.29.100,2
5.140.80.143,22
95.153.132.163,1
93.80.151.3,1
157.45.202.221,2
49.146.242.94,2
45.124.141.91,2
109.252.110.166,1
194.135.167.0,1
156.0.0.36,1
51.75.19.170,1
79.101.222.239,2
37.230.147.6,21
186.138.223.96,2
180.76.15.141,1
5.9.141.8,4
109.173.35.254,1
45.79.144.222,1
139.190.241.7,2
217.66.159.25,1
66.249.66.133,13
66.249.66.137,12
69.171.251.13,1
199.249.223.62,1
66.249.66.54,23
66.249.66.52,15
83.102.198.117,11
93.115.86.4,1
173.252.95.14,1
47.247.235.213,2
54.36.149.15,1
109.252.29.110,1
188.0.0.44,1
94.181.178.85,58
141.255.162.36,1
182.232.204.50,2
18.185.70.223,2
31.171.155.100,2
95.97.153.50,21
201.43.232.45,2
170.52.129.22,2
109.252.99.244,102
34.204.80.165,1
204.236.255.62,1
185.220.101.34,3
188.162.144.62,1
178.34.151.234,21
54.160.21.197,1
47.97.107.88,3
95.163.107.74,1
64.40.113.58,4
104.237.86.109,2
89.207.92.61,1
157.46.4.238,2
213.87.152.245,63
123.126.113.175,2
34.248.221.180,4
203.91.115.38,2
18.185.56.217,1
5.44.36.242,1
178.0.0.62,1
85.26.165.75,2
62.89.29.127,21
41.210.154.188,2
159.93.99.111,15
93.87.234.152,2
117.50.57.173,4
54.36.148.36,1
91.242.0.167,1
46.246.123.55,19
49.206.252.67,2
178.140.97.187,29
93.40.194.163,2
217.118.64.51,24
189.216.51.215,2
106.75.232.124,4
176.33.231.175,2
202.134.178.139,2
80.94.121.190,2
120.28.164.81,2
85.26.234.162,33
182.186.111.89,2
49.149.129.240,2
202.142.126.202,2
83.220.238.33,66
18.212.154.39,1
88.17.218.36,2
217.182.244.60,1
188.170.74.70,22
109.252.23.219,15
37.190.61.96,23
2.92.194.49,55
103.248.112.107,2
37.57.218.186,2
95.220.220.53,15
46.2.103.129,21
171.0.0.36,21
197.32.47.39,2
54.161.159.185,1
74.129.34.94,2
213.87.138.73,1
141.0.0.51,1
88.198.140.4,1
180.76.15.162,1
95.76.18.84,2
105.130.247.97,2
92.176.193.245,2
185.182.81.87,57
46.227.31.79,21
31.173.82.155,1
176.59.130.199,27
195.209.50.179,53
66.249.66.135,13
188.123.252.66,19
211.205.70.17,2
106.120.173.149,2
66.249.66.56,13
95.10.3.76,22
137.226.113.26,1
39.59.31.165,2
95.27.135.98,1
146.185.157.19,19
54.36.149.31,1
66.249.66.40,17
204.12.207.114,6
37.230.221.40,4
222.124.16.2,2
82.200.154.77,27
95.121.150.100,2
95.140.20.42,4
31.173.82.70,15
188.165.208.29,250
12.0.742.112,498
213.87.147.100,22
123.207.94.126,1
213.167.56.228,20
197.221.251.15,2
209.17.96.82,1
178.79.58.251,2
109.252.110.186,15
181.44.242.59,2
54.36.149.49,1
5.77.29.3,1
169.60.49.116,2
54.36.148.89,1
173.252.95.12,2
195.9.17.166,23
54.36.149.75,1
178.248.6.4,23
37.187.152.114,33
199.87.154.255,1
103.14.61.165,2
5.79.71.175,2
117.195.21.62,2
84.244.15.24,15
49.204.215.78,2
31.13.145.173,32
31.173.80.95,11
109.252.108.82,14
182.61.12.183,4
217.20.83.250,23
190.242.116.122,2
163.172.71.24,7
54.36.148.81,1
183.61.70.250,1
84.53.237.53,21
176.221.131.198,3
179.125.176.252,2
31.13.115.3,2
154.237.166.24,2
95.213.6.3,2
188.170.214.41,18
82.77.31.69,2
217.147.30.194,18
137.22.177.74,3
91.188.184.57,1
46.101.206.163,1
54.77.251.141,2
173.252.95.21,1
35.176.113.112,2
35.176.150.106,1
93.175.7.215,23
178.251.141.49,1
101.50.113.55,2
95.84.231.13,1
66.249.66.42,9
216.218.134.12,1
188.170.83.175,44
18.194.28.129,1
46.63.135.36,19
54.36.148.98,1
31.173.81.7,22
54.36.148.37,1
37.233.102.65,1
40.77.167.206,26
188.170.81.62,11
95.55.126.189,8
41.65.194.173,2
46.188.21.29,1
35.172.138.134,1
185.44.229.137,2
35.204.127.70,1
91.78.90.188,23
54.165.64.94,1
223.184.215.106,2
93.80.29.80,40
79.104.4.109,2
103.110.78.226,2
5.18.223.68,21
35.178.39.27,1
82.208.100.22,1
37.187.180.18,1
5.138.137.241,1
82.208.126.137,29
183.83.177.237,2
74.109.251.167,1
51.15.235.211,1
54.36.149.81,1
91.105.164.25,28
157.55.39.250,5
37.215.14.216,20
180.246.86.171,2
217.107.124.115,18
88.147.186.213,16
94.25.168.44,6
35.204.20.206,1
184.151.178.172,2
81.213.99.42,2
5.61.8.238,22
49.206.118.129,2
162.210.196.130,2
46.39.36.8,18
117.212.236.31,2
188.166.184.185,1
79.125.243.206,2
66.155.4.213,1
94.233.225.132,1
66.249.66.38,15
54.36.148.31,1
95.27.68.41,22
217.25.229.59,1
18.194.56.39,2
163.172.160.182,1
185.220.101.8,1
94.230.208.147,1
54.36.148.125,1
47.247.219.88,2
92.243.166.71,1
213.172.79.59,21
83.220.236.32,1
156.0.0.41,1
213.87.155.159,1
79.12.57.91,2
54.36.149.59,1
217.66.159.128,18
145.255.21.77,1
185.30.89.33,1
170.0.0.60,1
80.211.246.40,3
54.36.149.100,1
128.68.15.46,98
94.98.238.61,2
40.77.189.92,6
92.237.89.83,2
187.36.179.235,2
88.20.205.23,2
109.252.20.57,3
75.108.83.159,2
5.197.245.145,1
178.148.52.73,2
195.78.246.221,18
195.88.158.75,2
46.39.56.234,19
178.70.148.212,1
169.149.54.150,2
46.138.63.112,21
79.175.3.67,17
188.170.81.140,2
5.13.30.16,2
82.76.236.43,2
18.196.18.95,1
91.242.162.19,9
176.59.9.148,26
34.207.108.92,1
2.49.211.40,2
5.143.223.17,17
31.200.222.126,1
37.204.119.128,2
188.255.51.93,1
62.1.103.166,2
178.66.123.166,1
176.52.35.86,21
94.25.168.24,2
46.242.10.254,58
176.59.215.54,11
42.236.10.82,1
42.236.101.214,1
194.152.27.121,2
54.36.148.208,1
109.252.90.168,21
35.178.2.39,1
35.176.122.178,1
52.56.89.151,1
185.244.22.212,2
178.90.158.244,1
77.232.15.41,1
109.252.15.22,3
92.98.162.120,2
109.252.51.31,1
185.79.103.84,1
141.99.244.200,1
217.118.83.200,1
36.78.4.26,2
177.17.197.160,2
178.252.86.169,17
54.174.161.98,1
54.36.148.144,1
54.36.148.109,1
54.36.149.91,1
90.155.183.45,1
146.185.157.38,11
176.59.54.220,32
2.11.0.33,32
138.0.22.118,2
195.19.247.25,17
95.213.218.186,18
11.0.8.855,18
78.197.231.125,2
2.86.40.12,2
2.51.47.247,2
185.82.177.250,4
213.87.147.98,1
37.212.198.183,21
187.132.109.114,2
157.40.237.212,2
66.249.92.88,2
66.249.92.90,9
109.252.23.210,1
93.159.238.200,2
40.77.190.20,1
40.77.188.240,1
40.77.189.35,2
40.77.190.32,3
40.77.189.235,3
40.77.189.7,4
40.77.188.80,2
91.78.92.69,1
209.17.96.194,1
24.133.140.77,2
118.149.86.70,2
138.201.255.45,1
207.46.13.147,16
54.36.149.13,1
178.219.46.53,1
87.118.92.43,1
54.36.149.72,1
185.193.125.115,1
72.252.162.41,2
64.228.227.112,2
176.77.17.231,21
188.254.110.220,1
54.36.148.21,1
54.36.148.253,1
207.46.13.102,4
18.18.248.17,1
195.123.213.116,1
123.126.113.182,2
176.241.93.16,2
46.39.54.110,20
94.237.83.125,24
188.134.74.137,19
54.36.149.80,1
85.142.69.81,22
108.201.184.50,1
34.213.174.204,55
108.171.216.162,2
78.161.130.71,2
178.158.22.129,2
209.126.119.224,1
190.13.216.1,2
145.239.85.79,4
178.17.166.149,1
199.249.223.66,1
191.189.20.79,2
153.150.175.181,2
110.74.193.56,2
185.113.128.30,1
124.43.80.129,2
36.248.161.111,4
35.204.79.218,1
138.197.4.214,3
223.223.142.190,2
54.36.149.190,1
78.207.81.252,2
213.87.102.70,1
85.140.18.42,14
108.59.8.70,2
195.135.194.134,1
190.74.85.227,2
166.111.196.191,2
40.77.189.172,6
40.77.189.32,1
40.77.189.60,1
40.77.189.36,1
40.77.189.142,1
40.77.188.242,1
31.173.85.237,40
109.252.11.82,1
101.132.243.11,4
52.36.251.200,6
83.220.237.152,1
47.100.10.29,1
213.87.123.230,1
41.82.174.64,2
41.215.173.60,2
194.135.166.220,13
47.11.169.19,2
91.219.237.244,1
185.129.62.62,1
83.220.239.100,44
180.190.114.27,2
122.171.40.193,2
122.178.56.19,2
80.246.139.167,1
152.173.142.116,2
18.197.108.131,1
176.213.173.251,1
82.145.223.90,17
77.91.156.41,13
185.128.26.18,4
69.84.207.250,10
185.177.191.51,2
73.8.116.255,2
188.170.73.199,22
213.87.157.29,1
152.0.0.45,1
183.83.226.60,2
40.77.167.198,2
188.170.81.71,21
144.76.29.149,4
81.17.27.140,1
190.144.94.3,4
178.149.176.25,2
93.171.3.137,15
70.171.34.17,2
103.89.244.6,2
5.137.250.108,58
176.38.23.7,2
217.118.83.243,1
109.229.244.51,1
18.184.130.70,1
18.195.193.14,1
105.103.147.180,2
196.43.183.103,2
109.67.75.186,2
213.87.138.231,1
81.28.167.121,1
81.200.23.59,32
31.162.8.242,6
41.96.54.122,2
120.35.38.221,1
195.74.253.168,2
94.181.196.6,66
198.143.133.154,1
109.252.19.169,54
207.46.13.182,2
213.87.155.208,15
46.177.116.52,2
95.28.191.207,23
197.25.187.24,2
94.25.168.221,8
185.79.101.18,11
37.18.224.237,2
46.186.82.89,2
188.123.252.55,2
182.185.95.104,2
109.252.70.97,21
117.241.157.101,2
175.141.101.170,2
94.204.203.230,1
159.203.196.79,1
36.12.23.136,2
46.214.251.67,4
54.165.155.69,1
69.171.251.23,2
173.252.95.16,1
95.29.101.146,21
49.206.3.3,2
188.170.72.174,22
18.197.162.11,1
178.204.5.9,18
18.212.109.101,1
176.108.15.72,6
185.234.217.187,1
109.252.85.141,51
37.115.51.244,20
40.77.167.136,4
109.64.129.60,2
5.77.29.61,1
95.37.253.126,21
88.212.41.142,2
35.204.92.146,2
103.89.42.12,2
37.144.75.64,22
95.53.135.163,15
122.170.149.25,2
5.36.45.192,2
157.55.39.172,2
195.91.245.225,26
54.145.218.135,1
31.173.87.100,59
193.19.82.24,1
41.235.31.19,2
201.24.63.207,2
217.118.79.42,30
92.55.3.203,18
178.207.138.122,15
42.188.97.9,2
109.174.113.79,1
213.228.83.120,1
46.188.28.196,23
78.111.58.195,1
176.59.40.245,14
14.98.69.98,2
31.135.76.21,15
46.188.125.45,21
18.234.73.149,1
77.122.93.60,2
93.85.174.14,1
155.186.148.163,2
85.26.232.187,11
144.76.186.38,16
176.59.39.157,288
178.237.64.71,6
69.171.251.6,1
95.31.135.230,1
213.137.110.210,2
125.209.78.226,2
37.145.225.151,49
179.210.89.70,2
176.99.197.96,15
31.160.251.185,1
31.173.80.101,11
157.55.39.35,3
2.55.26.223,16
83.220.239.237,55
54.167.238.240,1
192.162.8.100,1
92.38.244.245,19
49.205.157.203,2
49.149.235.206,2
81.38.75.8,2
95.161.222.110,56
54.91.106.35,1
148.251.44.204,1
203.87.133.134,2
103.119.50.103,2
188.123.253.92,15
40.77.189.197,1
27.114.179.35,2
223.206.232.36,1
212.237.119.212,2
86.44.26.44,2
91.187.180.36,2
107.21.1.8,2
157.49.242.247,2
93.38.65.120,2
208.58.213.144,1
83.237.180.3,22
95.165.77.242,1
176.59.51.192,16
91.207.114.1,57
35.195.225.28,1
54.147.90.200,1
91.196.178.83,20
626.5.14.122,20
88.99.194.48,1
95.221.191.133,7
95.221.171.64,18
47.247.161.160,2
185.104.120.2,1
54.77.168.137,3
78.46.145.213,1
91.76.130.27,15
185.107.94.233,1
46.39.56.201,17
54.204.140.62,1
83.69.30.1,1
120.60.4.181,2
85.26.235.164,27
193.41.77.93,1
91.246.113.3,21
217.118.83.143,11
41.182.25.214,2
45.55.55.98,1
160.176.205.152,2
91.76.77.57,2
85.26.235.170,1
79.137.130.73,1
54.193.42.89,1
49.34.181.108,2
95.65.128.174,84
201.130.58.243,2
190.102.68.17,2
195.91.212.203,20
177.143.27.81,2
149.154.167.162,1
94.198.0.34,21
188.234.36.43,58
93.175.12.220,23
54.242.34.223,1
92.243.181.207,1
35.204.132.151,1
79.130.16.117,2
179.209.214.77,2
195.176.3.24,1
89.255.92.117,51
178.122.91.162,3
51.255.202.66,1
82.145.222.172,27
109.252.91.255,28
54.163.81.207,1
180.76.15.150,1
186.134.48.40,2
37.45.210.217,3
207.46.13.236,4
175.101.106.14,2
177.228.102.189,2
188.163.2.75,3
82.145.222.187,4
95.174.102.118,21
46.188.123.216,102
35.173.251.62,1
91.232.188.7,16
79.115.94.10,2
94.29.65.209,16
31.173.81.253,11
207.46.13.226,5
52.207.66.97,1
91.232.204.158,1
178.32.147.150,1
176.74.192.88,20
95.255.9.215,2
94.23.251.169,2
95.86.227.186,2
5.255.206.202,1
103.230.182.254,2
40.77.188.253,3
83.220.238.186,1
79.113.97.90,2
2.93.227.132,2
109.252.37.95,1
89.180.155.19,2
195.254.134.194,1
106.51.65.93,1
5.254.65.213,18
167.57.143.213,2
85.140.180.233,17
49.145.163.192,2
91.52.183.189,1
91.77.25.160,22
203.101.167.55,2
109.192.181.228,2
38.130.176.9,1
176.59.49.241,21
207.46.13.159,1
173.177.180.234,2
197.25.229.31,2
184.94.240.92,11
208.64.194.250,1
54.229.209.47,3
13.57.36.17,1
176.42.161.161,2
85.15.97.69,24
18.144.47.227,1
5.135.158.101,1
46.48.13.161,1
198.40.54.178,1
109.69.28.159,21
89.136.140.98,2
95.181.237.99,20
